Id,Photo,Caption
1,http://lorempixel.com/640/480/city,Aut quo non eos aut sunt pariatur. Consectetur aut quos velit iusto hic. Veniam et ut. Error id veniam voluptatibus quisquam unde voluptatem. Odit id ut. Sapiente enim aut ut hic vel.
2,http://lorempixel.com/640/480/city,Omnis laborum quos ut consequuntur suscipit sit. Omnis sed tempore reprehenderit magni dolor consequuntur possimus exercitationem fugiat. Alias eligendi maiores consectetur nisi.
3,http://lorempixel.com/640/480/city,Repellendus nam numquam perferendis quis mollitia eum rerum vero sint. Odit ut est dolores odio sed et. Ratione tenetur doloremque repellat et. Doloremque aliquid laborum nihil aut.
4,http://lorempixel.com/640/480/city,Modi at eos odio veniam et vero deserunt culpa dolor. Autem et ut incidunt dolorem inventore. Et saepe et qui aut. Cumque quia repudiandae atque deserunt aperiam voluptatem dolorem. Culpa officiis dolor id et assumenda dolorem mollitia.
5,http://lorempixel.com/640/480/city,Dignissimos iusto porro animi omnis voluptates illum dolore. Delectus laboriosam sed quasi voluptatem quis sed. Esse pariatur perspiciatis quo doloribus quo dolor perferendis. Ipsa consectetur et facere enim.
6,http://lorempixel.com/640/480/city,Molestiae aut magni. Hic et ad voluptatibus earum officia et odio labore quos. Ut necessitatibus quis commodi suscipit placeat officiis harum. Nihil quidem repellendus sed voluptatem assumenda non. Sit non hic possimus.
7,http://lorempixel.com/640/480/city,Esse nulla ea quam reiciendis et occaecati voluptatem error. Velit ut aliquam corrupti. Quia ut maxime consequuntur delectus.
8,http://lorempixel.com/640/480/city,Qui adipisci numquam quia et mollitia ullam quia voluptate. Magni dolorem asperiores officia ipsam qui quasi et beatae dolores. Hic molestias natus est et autem voluptates a. Amet cum voluptate excepturi doloremque eum. Neque est repellat nostrum nulla voluptatibus qui natus. Explicabo voluptate consequatur optio assumenda.
9,http://lorempixel.com/640/480/city,Quo repellat nihil totam quis aliquam doloremque beatae. Consectetur dicta corporis optio. Blanditiis at molestiae sed qui. Aperiam dolor illum accusamus eos qui exercitationem. Dolor sunt eaque doloremque totam quibusdam quibusdam. Exercitationem perferendis in ducimus odit.
10,http://lorempixel.com/640/480/city,Ex necessitatibus est. Consequatur eum facere atque facilis dolore consequatur qui laborum.
11,http://lorempixel.com/640/480/city,Dolorem eius vero molestiae. Odio perferendis culpa sunt.
12,http://lorempixel.com/640/480/city,Accusamus magni ipsum eos maxime facere hic soluta enim. Consequuntur ducimus quam vero voluptate quo. Quia quam aut non dicta ut aut accusamus autem. Nihil repellat ut. Molestias ipsa nesciunt quia laudantium perspiciatis iste dolores sunt quibusdam. Ut dolores quos ipsam exercitationem incidunt.
13,http://lorempixel.com/640/480/city,Rem exercitationem provident fugit quam porro minima quia. Eos quia magnam perferendis quo optio. Et soluta culpa ab.
14,http://lorempixel.com/640/480/city,Dolore incidunt dolore consequuntur minus voluptas praesentium totam accusantium. Quia architecto ut. Rerum cumque totam.
15,http://lorempixel.com/640/480/city,Et placeat commodi. Non non laudantium nam excepturi eius dolores et provident. Est soluta dolores ea. Maiores facere quis libero. Odio aut veritatis nostrum repudiandae repellat.
16,http://lorempixel.com/640/480/city,Ullam non est. Iure quas non dolores quia consequatur adipisci quisquam. Aut amet illo molestiae molestiae.
17,http://lorempixel.com/640/480/city,Voluptatum quo deserunt vitae minus ullam sint. Natus ut deserunt perspiciatis accusantium quam recusandae. Quaerat est quod accusamus dolor perspiciatis eaque cumque. Voluptates eligendi deleniti esse. Harum officia incidunt. Deleniti sequi doloribus placeat nulla ullam corrupti error dolore ad.
18,http://lorempixel.com/640/480/city,Soluta omnis aut sequi voluptas placeat placeat odio. Qui corporis et tempora officia.
19,http://lorempixel.com/640/480/city,Consequatur beatae facere in quis accusantium exercitationem. Et vel laboriosam omnis molestias expedita inventore adipisci ut. Qui et qui veritatis non quae tempore laborum aliquid. Iure doloribus odio aliquid quas ea praesentium culpa eum.
20,http://lorempixel.com/640/480/city,Possimus natus recusandae blanditiis distinctio facilis. In suscipit sunt impedit ullam alias reprehenderit sed suscipit. Rem rem nam dolores ab.
21,http://lorempixel.com/640/480/city,Quia eveniet voluptate ut hic est at animi quos. Dolorem aliquid nihil est dolorum laborum nesciunt. Unde molestiae dolore assumenda quisquam quae. Corrupti officiis reiciendis sunt veniam. Earum tempora sequi in quod.
22,http://lorempixel.com/640/480/city,Est et et rem nulla. Autem voluptate commodi. Voluptatem praesentium quidem quos cumque dolor. Eum ut consequatur explicabo ipsam consequuntur eum. Consequatur eos quibusdam tenetur enim labore dicta dolorem. Nam est occaecati rerum ea dolorum sit voluptas veritatis laudantium.
23,http://lorempixel.com/640/480/city,Modi et in a tempore cum excepturi ullam repellendus eum. Rerum et est asperiores. Adipisci et rem at et non unde voluptatem. Quia provident dolor nihil aliquam rerum. Sunt blanditiis saepe repudiandae aperiam autem.
24,http://lorempixel.com/640/480/city,Aut molestias explicabo quis qui voluptatem architecto aliquam natus. Dicta rerum quasi quia repellat et autem.
25,http://lorempixel.com/640/480/city,Temporibus est et voluptatem necessitatibus voluptatem. Incidunt aperiam vel ipsum omnis veritatis. Natus nihil facilis quo et. Ipsam est consequatur repudiandae dolore. Saepe nesciunt at tenetur maxime ut et quis.
26,http://lorempixel.com/640/480/city,Ut delectus nesciunt aut impedit in est quia. Architecto unde beatae sint nobis. Est necessitatibus vel aut quia sit at qui. Autem molestiae omnis.
27,http://lorempixel.com/640/480/city,Et ut voluptatem eos occaecati in voluptatem voluptatibus repellendus reprehenderit. Eveniet nihil corporis ipsum non et. Omnis dignissimos nam et quibusdam perspiciatis a. Iure nobis dolorem illo impedit fuga quia adipisci voluptas eos.
28,http://lorempixel.com/640/480/city,Vero rerum possimus id molestiae autem. Sequi cumque accusamus veniam esse asperiores odit voluptas.
29,http://lorempixel.com/640/480/city,Cupiditate dolorem amet adipisci earum ut est nesciunt et hic. Saepe minus non enim nam earum omnis. Delectus non rerum sint. Quas reprehenderit commodi aut.
30,http://lorempixel.com/640/480/city,Enim vero aut accusamus ipsam consequuntur. Numquam iure et perferendis eos.
31,http://lorempixel.com/640/480/city,Ut laudantium ut fugiat voluptate quibusdam corrupti atque itaque. Ullam iusto enim ut amet assumenda reiciendis reprehenderit. Quia dolores et error voluptate ipsum fuga adipisci voluptatibus culpa. Molestias mollitia nisi eos amet. Quis minus error. Ea velit optio velit et aut quia ut mollitia quisquam.
32,http://lorempixel.com/640/480/city,Enim veritatis explicabo nesciunt eligendi eaque exercitationem aliquid porro repudiandae. Facere excepturi omnis voluptatum repudiandae voluptates.
33,http://lorempixel.com/640/480/city,Saepe commodi necessitatibus. Asperiores dolorem deleniti culpa similique quos iure nesciunt accusamus officia. Accusamus dolore itaque perferendis explicabo deleniti sit praesentium aperiam a. Similique eos ducimus tenetur quidem magni recusandae.
34,http://lorempixel.com/640/480/city,Quia minus voluptatem expedita dolorem est. Dolorem minima praesentium ducimus voluptates voluptate necessitatibus totam. Repellat eos quia earum illo. Tempore reprehenderit amet ducimus autem voluptatem sint qui et.
35,http://lorempixel.com/640/480/city,In consectetur aliquam eaque ut quos a beatae. Aliquid laborum adipisci qui quia. Animi itaque at consequuntur. Aut voluptatem autem illum molestiae velit vel quisquam et. Occaecati velit animi reprehenderit maxime rerum voluptatem ut. Sequi qui perspiciatis aliquid quisquam.
36,http://lorempixel.com/640/480/city,Maxime porro non ex. Libero beatae fugiat dolor et sit repellat magnam reiciendis. Adipisci dolor est dicta et dolor enim cumque sunt et. Quis et placeat maiores quia corporis nobis quia quidem est.
37,http://lorempixel.com/640/480/city,In vel quia eligendi velit officiis sed. Ipsam aliquid voluptas dolore iste consectetur qui nisi. Culpa aut magni quia est quam. Nam molestiae voluptatem et. Voluptates magni atque sint corrupti eius alias praesentium cum incidunt.
38,http://lorempixel.com/640/480/city,Dolores voluptatem voluptas. Modi porro qui. Quo occaecati qui cumque maiores nihil.
39,http://lorempixel.com/640/480/city,Voluptate deserunt quia illo. Et id in amet possimus quod magnam amet quasi ratione. Magnam ducimus assumenda sed optio quam. Sint id aut tempore sed sunt velit. Recusandae voluptas numquam.
40,http://lorempixel.com/640/480/city,Eos molestiae modi vel id ea minus a voluptatibus. Ut qui nesciunt autem sed enim eum et.
41,http://lorempixel.com/640/480/city,Ut perferendis consequuntur voluptatem quo ipsam ullam delectus. Dolor et non. Excepturi quasi et fugiat. Distinctio voluptas ab. Deleniti hic ex in nostrum quas quia ea placeat modi. Quos mollitia est.
42,http://lorempixel.com/640/480/city,Quo dolores nisi vel quia ea optio sit accusamus nulla. Accusantium nulla sed consequatur quia illo ea autem esse. Hic at quia error voluptatibus consectetur voluptas qui sed at.
43,http://lorempixel.com/640/480/city,Deserunt qui ducimus et eveniet dolor. Neque doloremque quo voluptatum accusamus optio et. Molestiae deserunt aut nam. Veniam et necessitatibus.
44,http://lorempixel.com/640/480/city,Aperiam dolorum vel. Velit ut quis est eum ipsa ut ipsum voluptas. Dolore quia repellendus debitis quae ut qui. Iure dolore aut.
45,http://lorempixel.com/640/480/city,Beatae eum et consectetur ea numquam perferendis. Doloremque quia rerum eum nulla nam voluptas dolorum itaque. Ipsa tempora dolorum consequuntur distinctio eos velit quae. Velit nisi recusandae reiciendis harum asperiores labore reprehenderit. Reiciendis ut velit vitae quaerat nihil accusantium non. Eaque nihil dolorum.
46,http://lorempixel.com/640/480/city,Omnis dicta unde laborum voluptates voluptas. Deleniti commodi sint id error. Et omnis voluptas perspiciatis laudantium. Error repudiandae et enim qui repellat error est. Enim deleniti saepe quisquam est ipsam et illo nobis.
47,http://lorempixel.com/640/480/city,Enim blanditiis quia porro occaecati omnis dolores omnis libero saepe. Corrupti autem alias necessitatibus tempore debitis eveniet sint aut.
48,http://lorempixel.com/640/480/city,Consequuntur omnis nostrum cumque est similique. Consequatur ea aut ducimus et. Quia nulla fugiat est ea dolorem. Pariatur est excepturi deleniti quisquam consectetur corrupti. Voluptatibus illo illum dolor sit. Eveniet molestias reiciendis dicta sit atque ad voluptates et et.
49,http://lorempixel.com/640/480/city,Maiores fuga omnis et exercitationem itaque. Eum fuga sint qui neque est voluptatem quo laborum repudiandae. Quam nostrum excepturi aut facilis mollitia fugiat qui sunt sint. Eaque nostrum voluptas et. Culpa enim quisquam recusandae perferendis est accusantium velit.
50,http://lorempixel.com/640/480/city,Id quidem dolore odit dolorem. Aspernatur qui omnis nulla in aspernatur.
51,http://lorempixel.com/640/480/city,Minima et rerum sunt quis aliquam aut eaque reiciendis et. Laborum suscipit aut quis consequuntur consequuntur. Vel exercitationem possimus consequatur mollitia non. Debitis explicabo id et nemo necessitatibus. Molestiae nam sunt.
52,http://lorempixel.com/640/480/city,Est et labore ipsum ex voluptas nihil quia eum neque. Non ut vel reprehenderit provident distinctio est sint aut et. Deserunt aut molestias aspernatur vitae non optio. Reprehenderit et provident tempore placeat enim. Quasi porro quisquam et reiciendis. Id ullam dolorum qui nostrum qui omnis ipsam.
53,http://lorempixel.com/640/480/city,Iste eligendi quidem. Est molestiae voluptas doloremque optio aperiam dolorem.
54,http://lorempixel.com/640/480/city,Deserunt eos non repellat et. Veniam debitis illum dignissimos sit. Recusandae itaque consequatur sunt dolor. Odio assumenda aut culpa aliquam consectetur vel voluptatem fugiat.
55,http://lorempixel.com/640/480/city,Est qui quo itaque. Quia eum est est sed qui voluptates modi doloremque. Et adipisci tenetur. Dicta dolorem ut dolores qui. Pariatur ea et distinctio adipisci ab sit commodi similique error.
56,http://lorempixel.com/640/480/city,Maiores tempora quam sequi et. Aut tempore corrupti.
57,http://lorempixel.com/640/480/city,Error dicta qui quos ipsum qui hic. Porro voluptatem impedit consequuntur qui distinctio sed eum. Aut sapiente iure nulla dignissimos aliquam debitis sit. Temporibus error quis magni ducimus aut reiciendis doloremque. Culpa rerum voluptate mollitia optio soluta expedita.
58,http://lorempixel.com/640/480/city,Blanditiis vitae ut velit dolores rerum laborum dolores. Natus architecto asperiores sed iste accusamus. Facilis aperiam aut quibusdam. Omnis nostrum incidunt dolorum fugit amet. Possimus fugit iure aut rerum. Officia ullam esse alias voluptas perferendis natus.
59,http://lorempixel.com/640/480/city,Dolor voluptas voluptas consequatur. Recusandae inventore sapiente consectetur ratione voluptate minus maiores quis et. Sint laborum sunt nemo ad sunt aut ut aut. Sed autem rerum dolorum veritatis hic. Rerum et dolores ducimus.
60,http://lorempixel.com/640/480/city,Qui aliquid nihil quia qui explicabo est libero et autem. Nihil qui quidem illo reprehenderit. Ex et nisi. Rem tenetur aperiam dolorum consequatur delectus atque corrupti similique. Blanditiis neque quasi dolor voluptatem qui est et eum.
61,http://lorempixel.com/640/480/city,Quo sed asperiores cumque illum qui. Excepturi est dolorum eum quo quam quam.
62,http://lorempixel.com/640/480/city,Est sapiente aut. Qui voluptas fugiat magnam non assumenda eius. Qui eum et dolorem aperiam. Assumenda facere cumque inventore debitis deserunt doloremque tenetur.
63,http://lorempixel.com/640/480/city,Nemo earum ea. Distinctio omnis hic rem quo vel.
64,http://lorempixel.com/640/480/city,Ullam corrupti et similique facilis dignissimos nemo vero sunt libero. Delectus et nihil ut quia. Inventore eaque quos aut. Dolor dolor modi cumque alias exercitationem aliquid. Voluptas neque aliquam architecto reiciendis.
65,http://lorempixel.com/640/480/city,Doloremque qui amet sequi eos quo magni similique voluptatem. Assumenda animi id ipsa accusantium tenetur laudantium quo voluptatem quia.
66,http://lorempixel.com/640/480/city,Cupiditate omnis culpa sit voluptatem rerum ad voluptas dolor. Delectus voluptas et quo. Quaerat aut ea consequatur non eaque voluptas ea. Rerum officiis laborum provident asperiores dicta velit rerum eum.
67,http://lorempixel.com/640/480/city,Sapiente quia quia omnis occaecati. Officia est ducimus asperiores.
68,http://lorempixel.com/640/480/city,Et vel laudantium ut pariatur non ipsa. Pariatur distinctio voluptatem dolor quis dolor voluptatem.
69,http://lorempixel.com/640/480/city,Non sint earum. Sit amet et ex. Doloribus necessitatibus quia fugiat qui asperiores eaque. Ratione inventore magni. Et eum voluptatem possimus alias. Et et ullam.
70,http://lorempixel.com/640/480/city,Non placeat nulla qui alias aliquid. Assumenda eaque et tempora vero neque rem dolores molestiae.
71,http://lorempixel.com/640/480/city,Totam sunt blanditiis et laborum similique. Veniam eum perspiciatis labore rerum qui cupiditate ea cum.
72,http://lorempixel.com/640/480/city,Eius neque ut voluptatibus iure error eveniet. Velit impedit nostrum. Iusto delectus reprehenderit omnis officia dolores enim fugiat natus qui. Praesentium sapiente iste impedit. Repudiandae sit dignissimos. Neque repellendus totam ad.
73,http://lorempixel.com/640/480/city,In praesentium nam optio minima. Dolorem nam sit facilis quae sit dolor tenetur illum laborum. Illum excepturi dignissimos mollitia. Beatae animi beatae.
74,http://lorempixel.com/640/480/city,Molestiae officiis et quas qui aspernatur. Veniam et neque. Consequatur dolores repudiandae molestiae minus quia id corporis soluta impedit. Sit aut eos iste vitae ut ut. Ipsam dolorem voluptas nisi. Ut ut eligendi dolorum aut nulla error deserunt.
75,http://lorempixel.com/640/480/city,Numquam aut dolor sapiente laborum qui veniam veritatis. Repudiandae veritatis eum temporibus at soluta voluptatem et.
76,http://lorempixel.com/640/480/city,Ex provident ea. Laborum consequuntur consequatur alias.
77,http://lorempixel.com/640/480/city,Consectetur recusandae occaecati. Occaecati distinctio et omnis ab aspernatur repellendus ab. Ea facere eveniet. Aliquam voluptas esse. Optio repellendus quis dicta ducimus molestiae.
78,http://lorempixel.com/640/480/city,Et sit soluta tempore dignissimos perferendis nihil aliquid. Excepturi tenetur quod itaque fuga labore ipsam accusamus.
79,http://lorempixel.com/640/480/city,Autem vitae maiores. Perspiciatis consectetur sapiente sed ipsam provident maiores.
80,http://lorempixel.com/640/480/city,Nulla voluptatibus modi minus. Est consequatur exercitationem voluptatum deleniti. Ex aut officia voluptatem nostrum rerum et animi officia. Dolor doloremque reprehenderit ut et qui veniam reiciendis. Sit dolorem consequatur rem quo quisquam est omnis. Et sit aut repudiandae.
81,http://lorempixel.com/640/480/city,Non id blanditiis dolore minus ipsam minima delectus. Minus corrupti magni. Sint est minus. Vel unde molestiae facilis unde voluptas et. Aut sit provident omnis alias vel nam. Voluptatem et et.
82,http://lorempixel.com/640/480/city,Ea natus architecto magnam excepturi quia quia. Nihil veritatis repellendus inventore et et nam. Delectus consequatur nihil ut sit quia omnis quaerat. Ex adipisci dolores voluptatum deleniti.
83,http://lorempixel.com/640/480/city,Provident fuga aperiam sunt et qui animi dolorem enim. Aspernatur est omnis nesciunt est harum.
84,http://lorempixel.com/640/480/city,Animi hic natus sint voluptatibus odit distinctio sit. Ut quos nisi sit expedita rem. Fugiat facilis quis quod est consequatur et. Rem ducimus nesciunt quo unde sed quasi. Laudantium qui distinctio est et numquam nisi molestiae quam provident.
85,http://lorempixel.com/640/480/city,Similique laudantium sit et itaque earum. Eveniet autem dignissimos nulla ea.
86,http://lorempixel.com/640/480/city,Molestias perspiciatis atque eos est non debitis amet perferendis qui. Quas debitis sed et et voluptas nesciunt et rerum et. Et ipsum adipisci expedita et beatae fuga delectus. Fugiat rerum cumque nihil corrupti dolores et omnis et sed. Nobis tempora voluptas quidem amet consequuntur quia inventore molestiae minus. Aut sit harum ea voluptatum ipsam sint architecto nam corrupti.
87,http://lorempixel.com/640/480/city,Autem nihil illum accusamus dicta sequi minus facere. Eos qui dolorem in nihil aut saepe. Ut soluta ducimus hic fuga rerum dolorem doloribus maiores. Est alias eos id quis consequatur.
88,http://lorempixel.com/640/480/city,Fuga quod accusantium voluptatibus quod. Vero aut labore quasi animi hic omnis est dolores ut.
89,http://lorempixel.com/640/480/city,Rerum aut maiores sint corporis aut praesentium totam voluptatibus. Totam voluptas molestiae aliquam adipisci dolorem. Non vel id blanditiis commodi assumenda quia. Quas mollitia ea ut repellendus. Rem consequatur et consequatur.
90,http://lorempixel.com/640/480/city,Ex sed laboriosam. Voluptatem et impedit quisquam quo quam minus voluptas neque. Voluptatem vel quasi ab ad voluptate.
91,http://lorempixel.com/640/480/city,Ut dolores ad aliquam. Aut nihil magnam pariatur rerum quae quo earum. Quasi iusto et veritatis qui deleniti quas.
92,http://lorempixel.com/640/480/city,Magnam inventore quaerat ratione aliquid maiores unde. Dolor esse facilis maiores dolor. Fuga minima occaecati consectetur quibusdam at ab aut aspernatur explicabo. Iste delectus assumenda laboriosam fugit est quod possimus ratione magnam.
93,http://lorempixel.com/640/480/city,Sint quidem quidem rerum accusamus. Esse voluptas unde qui eius quod dolor. Praesentium facilis in qui placeat quo ut. Ipsa rerum ipsa. Deserunt atque reiciendis fuga voluptas et ut.
94,http://lorempixel.com/640/480/city,Optio distinctio explicabo. Dolores reiciendis praesentium ad quas in. Aspernatur corrupti est ipsam perferendis. Nam adipisci eveniet tempore quae et voluptas enim unde quas.
95,http://lorempixel.com/640/480/city,Explicabo commodi excepturi et error non minima unde. Est voluptatem error porro. Dolorem assumenda et non tenetur officiis assumenda. Voluptatibus quasi ut excepturi sint odio id asperiores quia magni. Soluta assumenda iusto recusandae perferendis labore tempora voluptatum. Aut commodi perspiciatis non cumque ipsa odio quia.
96,http://lorempixel.com/640/480/city,Eos distinctio exercitationem. Omnis iure et voluptatem velit dignissimos vitae ratione sint.
97,http://lorempixel.com/640/480/city,Aut est maiores sit consectetur quis non placeat. Asperiores nam iusto earum eum ut ipsam. Voluptas consequatur ipsam ad iste harum ratione ut excepturi. Velit similique aliquam rerum dolore. Alias accusantium eius quis a molestias.
98,http://lorempixel.com/640/480/city,Eum tenetur repudiandae velit. Quae consectetur et doloribus voluptatum aut ut expedita sit. Iure amet autem sit. Ipsam maiores temporibus. Quas voluptatum et repellendus ea. Accusamus provident itaque.
99,http://lorempixel.com/640/480/city,Eum optio nihil odio iusto qui minus et distinctio sapiente. Aut aliquam officiis consequatur. Nisi impedit odit vel culpa repudiandae occaecati odio veniam blanditiis. Minima dolorum quia et itaque ea aut sed placeat sed.
100,http://lorempixel.com/640/480/city,Aut qui natus. Quaerat occaecati corporis. Dolorum quis repudiandae fuga deserunt. Natus aut animi et corporis magni impedit pariatur similique. Molestiae enim esse harum cupiditate et possimus aperiam eum. Nemo illum architecto incidunt reprehenderit iusto.
